"","feature","mean","q.05","q.95","type"
"x1","x1",-0.00017237943908166,-0.00017237943908166,-0.00017237943908166,"loci"
"x2","x2",-0.000172461864921453,-0.000172461864921453,-0.000172461864921453,"loci"
"x3","x3",0.0517873526916168,0.0517873526916168,0.0517873526916168,"loci"
"x4","x4",0.0517900284676197,0.0517900284676197,0.0517900284676197,"loci"
"x5","x5",-0.000184365038759488,-0.000184365038759488,-0.000184365038759488,"loci"
