"","feature","mean","q.05","q.95","type"
"x1","x1",7.61981496612881e-07,7.61981496612881e-07,7.61981496612881e-07,"loco"
"x2","x2",7.61800778393195e-07,7.61800778393195e-07,7.61800778393195e-07,"loco"
"x3","x3",8.27234472671216e-07,8.27234472671216e-07,8.27234472671216e-07,"loco"
"x4","x4",3.54135449176431e-06,3.54135449176431e-06,3.54135449176431e-06,"loco"
"x5","x5",5.94277359593004e-07,5.94277359593004e-07,5.94277359593004e-07,"loco"
