"","feature","mean","q.05","q.95","type"
"x1","x1",-1.61073611747588e-06,-9.64633885250433e-06,5.35322165389095e-06,"loco"
"x2","x2",-8.5342944857104e-07,-9.76018162956451e-06,6.11118138251634e-06,"loco"
"x3","x3",-1.19419937966555e-06,-9.24588132278078e-06,7.97281126039762e-06,"loco"
"x4","x4",0.000210576695237705,0.000194486069340981,0.000226395693605614,"loco"
"x5","x5",0.0216651181678831,0.0209475421523579,0.0224128089922716,"loco"
"x6","x6",0.000206953749138458,0.000194102739175092,0.000220829204357233,"loco"
"x7","x7",-1.25019772612585e-06,-8.5486123784328e-06,6.23751200214361e-06,"loco"
