"","feature","mean","q.05","q.95","type"
"x1","x1",-1.02699440995887,-1.02699440995887,-1.02699440995887,"loco"
"x2","x2",-1.0269944050242,-1.0269944050242,-1.0269944050242,"loco"
"x3","x3",-1.0269934820382,-1.0269934820382,-1.0269934820382,"loco"
"x4","x4",-1.02688899740222,-1.02688899740222,-1.02688899740222,"loco"
"x5","x5",-1.02699277994395,-1.02699277994395,-1.02699277994395,"loco"
"x6","x6",0.00453650375854364,0.00453650375854364,0.00453650375854364,"loco"
