"","feature","mean","q.05","q.95","type"
"x1","x1",-3.98885880126479e-07,-2.60903385855643e-06,1.55891966923519e-06,"loco"
"x2","x2",-3.73773907426773e-07,-2.07849617376797e-06,1.4917578069861e-06,"loco"
"x3","x3",-2.13409677253529e-07,-2.2824814266192e-06,1.49176897881281e-06,"loco"
"x4","x4",0.000111739255415937,0.000103694044287871,0.000120662937013117,"loco"
"x5","x5",0.0113487880311371,0.010741892111109,0.0119666032822334,"loco"
