"","feature","mean","q.05","q.95","type"
"x1","x1",3.49668013789158e-06,-2.5029242603788e-05,2.94841861100585e-05,"loci"
"x2","x2",3.28180142995214e-06,-3.17981830277285e-05,3.51904167981504e-05,"loci"
"x3","x3",0.00595424952839553,0.00527251021745696,0.00651985817575135,"loci"
"x4","x4",0.00613932427709955,0.00560247536717655,0.00672005627390006,"loci"
"x5","x5",0.00581875607895099,0.00525431805421332,0.00638272827834175,"loci"
