"","feature","mean","q.05","q.95","type"
"x1","x1",-0.000450448049231298,-0.0065730626003061,0.00295772857735077,"loci"
"x2","x2",-0.000984776280803832,-0.00923133280793858,0.00298821806943936,"loci"
"x3","x3",1.03122463087396,0.901886087900152,1.12871331861226,"loci"
"x4","x4",1.06361139926079,0.967584246811671,1.16469615346793,"loci"
"x5","x5",1.00803858553913,0.902065754945048,1.10905615429248,"loci"
