"","feature","mean","q.05","q.95","type"
"x1","x1",-4.94003250256356e-07,-2.59855715393881e-06,1.31464525255874e-06,"loco"
"x2","x2",-4.68494803934306e-07,-2.22974489890562e-06,1.36871661432465e-06,"loco"
"x3","x3",-2.97250516522335e-07,-2.35850180095076e-06,1.35578160936416e-06,"loco"
"x4","x4",0.0116423276297668,0.0110574276789436,0.0123059126089426,"loco"
"x5","x5",0.0113400160475209,0.0107539389716603,0.0119664597377507,"loco"
