"","feature","mean","q.05","q.95","type"
"x1","x1",0,0,0,"loci"
"x2","x2",0,0,0,"loci"
"x3","x3",0,0,0,"loci"
"x4","x4",1.0632832252429,0.970998977172356,1.16292506646201,"loci"
"x5","x5",1.0094263376593,0.904439478605265,1.1090170764608,"loci"
